month,Negative,Positive,positivity_rate
2025-06,203,23,0.10176991150442478
2025-07,233,29,0.11068702290076336
2025-08,9,3,0.25
