age_group,gender,satisfaction_score
0–18,Female,5.516129032258065
0–18,Male,6.033333333333333
0–18,Other,5.384615384615385
19–35,Female,5.833333333333333
19–35,Male,6.166666666666667
19–35,Other,5.393939393939394
36–50,Female,6.454545454545454
36–50,Male,5.321428571428571
36–50,Other,6.5
51–65,Female,5.303030303030303
51–65,Male,6.548387096774194
51–65,Other,6.333333333333333
65+,Female,5.666666666666667
65+,Male,6.027027027027027
65+,Other,5.482142857142857
