doctor_id,satisfaction_score
DID007,7.0
DID001,6.75
DID022,6.666666666666667
DID009,6.166666666666667
DID025,6.166666666666667
